start_time_s,end_time_s,pitch_midi,velocity,pitch_bend
29.65824671201814,29.797566439909296,72,74,1,1,1,1,1,1,1,1,1,1,1,1
29.600196825396825,29.797566439909296,44,75,1,1,1,1,1,1,1,1,1,1,1,1,1,1,1,1,1
29.588586848072563,29.73951655328798,56,46,1,1,1,1,1,1,1,1,1,1,1,1,1
29.54214693877551,29.797566439909296,60,87,1,1,1,1,1,1,1,1,1,1,1,1,1,1,1,1,1,1,1,1,1,1
29.43765714285714,29.65824671201814,72,68,1,1,1,1,1,1,1,1,1,1,1,1,1,1,1,1,1,1,1
29.367997278911563,29.54214693877551,60,79,1,1,1,1,1,1,1,1,1,1,1,1,1,1,1
29.286727437641723,29.565366893424034,51,52,0,1,1,1,1,1,1,1,1,1,1,1,1,1,1,1,1,1,1,1,1,1,1,1
29.27511746031746,29.43765714285714,72,70,1,1,1,1,1,1,1,1,1,1,1,1,1,1
29.12418775510204,29.600196825396825,44,67,1,1,1,1,1,1,1,1,1,1,1,1,1,2,2,1,1,1,1,1,1,1,1,1,1,1,1,1,1,1,1,1,1,1,1,1,1,1,1,1,1
29.066137868480727,29.27511746031746,72,78,1,1,1,1,1,1,1,1,1,1,1,1,1,1,1,1,1,1
29.066137868480727,29.228677551020407,68,51,1,1,1,1,1,1,1,1,1,1,1,1,1,1
29.066137868480727,29.367997278911563,60,80,1,1,1,1,1,1,1,1,1,1,1,1,1,1,1,1,1,1,1,1,1,1,1,1,1,1
28.97325804988662,29.12418775510204,44,70,1,1,1,1,1,1,1,1,1,1,1,1,1
28.903598185941043,29.066137868480727,72,65,1,1,1,1,1,1,1,1,1,1,1,1,1,1
28.717838548752834,28.97325804988662,44,62,1,1,1,1,1,1,1,1,1,1,1,1,1,1,1,1,1,1,1,1,1,1
28.683008616780043,29.066137868480727,60,60,1,1,1,1,1,1,1,1,1,1,1,1,1,1,1,1,1,1,1,1,1,1,1,1,1,1,1,1,1,1,1,1,1
28.67139863945578,28.903598185941043,72,75,1,1,1,1,1,1,1,1,1,1,1,1,1,1,1,1,1,1,1,1
28.520468934240363,28.67139863945578,72,63,1,1,1,1,1,1,1,1,1,1,1,1,1
28.520468934240363,28.717838548752834,44,40,1,1,1,1,1,1,1,1,1,1,1,1,1,1,1,1,1
28.381149206349207,28.520468934240363,72,53,1,1,1,1,1,1,1,1,1,1,1,1
28.056069841269842,28.230219501133785,70,59,1,1,1,1,1,1,1,1,1,1,1,1,1,1,1
28.056069841269842,28.381149206349207,55,59,1,1,1,1,1,1,1,1,1,1,1,1,1,1,1,1,1,1,1,1,1,1,1,1,1,1,1,1
28.044459863945576,28.253439455782313,58,42,2,2,1,1,1,1,1,1,1,1,1,1,1,1,1,1,1,1
27.858700226757367,28.10250975056689,61,47,1,1,1,1,1,1,1,1,1,1,1,1,1,1,1,1,1,1,1,1,1
27.81097641723356,28.056069841269842,70,48,1,1,1,1,1,1,1,1,1,1,1,1,1,1,1,1,1,1,1,1,1,1
27.81097641723356,27.9748,67,61,1,1,1,1,1,1,1,1,1,1,1,1,1,1,1
27.81097641723356,28.056069841269842,55,41,1,1,1,1,1,1,1,1,1,1,1,1,1,1,1,1,1,1,1,1,1,1
27.81097641723356,28.32309931972789,39,60,1,1,1,1,1,1,1,1,1,1,1,1,1,1,1,1,1,1,1,1,1,1,1,1,1,1,1,1,1,1,1,1,1,1,1,1,1,1,1,1,1,1,1,1,1
27.729706575963718,27.90514013605442,58,58,1,1,1,1,1,1,1,1,1,1,1,1,1,1,1,1
27.718096598639455,28.32309931972789,46,58,1,1,1,1,1,1,1,1,1,1,1,1,1,1,1,1,1,1,1,1,1,1,1,1,1,1,1,1,1,1,1,1,1,1,1,1,1,1,1,1,1,1,1,1,1,1,1,1,1,1,1,1,1
27.66004671201814,27.81097641723356,55,54,1,1,1,1,1,1,1,1,1,1,1,1,1
27.5787768707483,27.729706575963718,58,54,2,1,1,1,1,1,1,1,1,1,1,1,1
27.555556916099775,27.718096598639455,46,46,1,1,1,1,1,1,1,1,1,1,1,1,1,1
27.323357369614513,27.520726984126984,56,53,1,1,1,1,1,1,1,1,1,1,1,1,1,1,1,1,1
27.31174739229025,27.5787768707483,58,47,1,1,1,1,1,1,1,1,1,1,1,1,1,1,1,1,1,1,1,2,2,2,2
27.31174739229025,27.50911700680272,51,60,1,1,1,1,1,1,1,1,1,1,1,1,1,1,1,1,1
27.300137414965988,27.47428707482993,70,34,1,1,1,1,1,1,1,1,1,1,1,1,1,1,1
27.149207709750566,27.288527437641722,49,50,1,1,1,1,1,1,1,1,1,1,1,1
27.09115782312925,27.346577324263038,61,45,1,1,1,1,1,1,1,1,1,1,1,1,1,1,1,1,1,1,1,1,1,1
27.09115782312925,27.323357369614513,56,60,1,1,1,1,1,1,1,1,1,1,1,1,1,1,1,1,1,2,2,2
26.905398185941042,27.09115782312925,56,54,1,1,1,1,1,1,1,1,1,1,1,1,1,1,1,1
26.905398185941042,27.149207709750566,49,51,1,1,1,1,1,1,1,1,1,1,1,1,1,1,1,1,1,1,1,1,1
26.870568253968255,27.09115782312925,61,62,1,1,1,1,1,1,1,1,1,1,1,1,1,1,1,1,1,1,1
26.858958276643992,27.09115782312925,70,38,-5,1,1,1,-5,-5,-5,1,1,1,1,1,1,1,1,1,1,1,1,1
26.847348299319727,27.230477551020407,68,49,1,1,1,1,1,1,1,1,1,1,1,1,1,1,1,1,1,1,1,1,1,1,1,1,1,1,1,1,1,1,1,1,1
26.800908390022677,26.986668027210886,58,58,1,1,1,1,1,1,1,1,1,1,1,1,1,1,1,1
26.766078458049886,27.485897052154193,40,55,1,1,1,1,1,1,1,1,1,1,1,1,1,1,1,1,1,1,1,1,1,1,1,1,1,1,1,1,1,1,1,1,1,1,1,1,1,1,1,1,1,1,1,1,1,1,1,1,1,1,1,1,1,1,1,1,1,1,1,1,1,-2
26.62675873015873,26.835738321995464,70,44,1,1,1,1,1,1,1,1,1,1,1,1,1,1,1,1,1,1
26.62675873015873,26.905398185941042,56,42,1,1,1,1,1,1,1,1,1,1,1,1,1,1,1,1,1,1,1,1,1,1,1,1
26.568708843537415,26.766078458049886,40,76,1,1,1,1,1,1,1,1,1,1,1,1,1,1,1,1,1
26.557098866213153,26.800908390022677,58,51,1,1,1,1,1,1,1,1,1,-5,-5,-5,-5,1,1,1,1,1,1,1,1
26.39455918367347,26.638368707482993,68,54,1,1,1,1,1,1,1,1,1,1,1,1,1,1,1,1,1,1,1,1,1
26.39455918367347,26.557098866213153,58,54,1,1,1,1,1,1,1,1,1,1,1,1,1,1
26.39455918367347,26.568708843537415,40,53,4,1,1,1,1,1,1,1,1,1,1,1,1,1,1
26.301679365079366,26.62675873015873,56,58,1,1,1,1,1,1,1,1,1,1,1,1,1,1,1,1,1,1,1,1,1,1,1,1,1,1,1,1
26.150749659863944,26.39455918367347,68,73,1,1,1,1,1,1,1,1,1,1,1,1,1,1,1,1,1,1,1,1,1
26.150749659863944,26.301679365079366,56,84,1,1,1,1,1,1,1,1,1,1,1,1,1
25.999819954648526,26.150749659863944,68,48,1,1,1,1,1,1,1,1,1,1,1,1,1
25.999819954648526,26.150749659863944,56,80,1,1,1,1,1,1,1,1,1,1,1,1,1
25.988209977324264,26.44099909297052,60,49,1,1,1,1,1,1,1,1,1,1,1,1,1,1,1,1,1,1,1,1,1,1,1,1,1,1,1,1,1,1,1,1,1,1,1,1,1,1,1
25.8011664399093,25.964990022675735,55,61,1,1,1,1,1,1,1,1,1,1,1,1,1,2,1
25.61540680272109,25.988209977324264,60,46,1,1,1,1,1,1,1,1,1,1,1,1,1,1,1,1,1,1,1,1,1,1,1,1,1,1,1,1,1,1,1,1,1
25.568966893424037,25.77794648526077,56,43,1,1,1,1,1,1,1,-2,-2,-2,1,1,1,-2,-2,-2,1,1
25.51091700680272,25.81277641723356,68,37,1,1,1,1,1,1,1,1,1,1,1,1,1,1,1,-2,1,1,1,1,1,1,-2,1,1,1
25.441257142857143,25.638626757369614,41,55,1,1,1,1,1,1,1,1,1,1,1,1,1,1,1,1,1
25.42964716553288,25.568966893424037,56,55,1,1,1,1,1,1,1,1,1,1,1,1
25.336767346938775,25.49930702947846,65,62,1,1,1,1,1,1,1,1,1,1,1,1,1,1
25.301937414965987,25.568966893424037,53,72,1,1,1,1,1,1,1,1,1,1,1,1,1,1,1,1,1,1,1,1,1,1,1
25.20905759637188,25.42964716553288,56,49,1,1,1,1,1,1,1,0,0,0,0,1,1,1,1,1,1,1,1
25.16261768707483,25.441257142857143,41,43,1,1,1,1,1,1,1,1,1,1,1,1,1,1,1,1,1,1,1,1,1,1,1,1
25.151007709750566,25.336767346938775,65,51,1,1,1,1,1,1,1,1,1,1,1,1,1,1,1,1
25.03490793650794,25.20905759637188,56,69,1,1,1,1,1,1,1,1,1,1,1,1,1,1,1
24.883978231292517,25.069737868480725,68,60,1,1,1,1,1,1,1,1,1,1,1,1,1,1,1,1
24.883978231292517,25.03490793650794,56,80,1,1,1,1,1,1,1,1,1,1,1,1,1
24.721438548752836,24.883978231292517,56,65,0,0,0,0,1,1,1,1,1,1,1,1,1,1
24.721438548752836,24.93041814058957,41,51,1,1,1,1,1,1,1,1,1,1,1,1,1,1,1,1,1,1
24.66338866213152,24.883978231292517,68,48,-2,-1,1,1,1,1,1,1,1,1,1,1,1,1,1,1,1,1,1
24.44279909297052,24.674998639455783,55,59,1,1,1,1,1,1,1,1,1,1,1,1,2,2,2,2,1,1,1,1
24.39635918367347,24.66338866213152,67,66,1,1,1,1,1,1,1,1,1,1,1,1,1,1,1,1,1,1,1,1,1,1,1
24.39635918367347,24.605338775510205,43,57,1,1,1,1,1,1,1,1,1,1,1,1,1,1,1,1,1,1
24.257039455782312,24.44279909297052,55,50,1,1,1,1,1,1,1,1,1,1,1,1,1,1,1,1
24.187379591836734,24.39635918367347,67,51,1,1,1,1,1,1,1,1,1,1,1,1,1,1,1,1,1,1
24.117719727891156,24.686608616780045,48,68,1,1,1,1,1,1,1,1,1,1,1,1,1,1,1,1,1,1,1,1,1,1,1,1,1,1,1,1,1,1,1,1,1,1,1,1,1,1,1,1,1,1,1,1,1,1,1,1,1
24.106109750566894,24.257039455782312,53,65,1,1,1,1,1,1,1,1,1,1,1,1,1
24.01322993197279,24.16415963718821,65,58,1,1,1,1,1,1,1,1,1,2,2,2,2
23.955180045351476,24.117719727891156,48,81,1,1,1,1,1,1,1,1,1,1,1,1,1,1
23.920350113378685,24.106109750566894,60,56,1,1,1,1,1,1,1,1,1,1,1,1,1,1,1,1
23.89713015873016,24.106109750566894,53,66,1,1,1,1,1,1,1,1,1,1,1,1,1,1,1,1,1,1
23.802966439909298,24.01322993197279,65,39,1,1,1,1,1,1,1,1,1,1,1,1,1,1,1,1,1,-2,1
23.779746485260773,24.001619954648525,55,48,1,1,1,1,1,1,1,1,1,1,1,1,1,1,1,1,1,1,1,1
23.675256689342405,23.920350113378685,60,71,1,1,1,1,1,1,1,1,1,1,1,1,1,1,1,1,1,1,1,1,1,1
23.605596825396827,23.779746485260773,55,71,1,1,1,1,1,1,1,1,1,1,1,1,1,1,1
23.582376870748302,23.94357006802721,67,65,1,1,1,1,1,1,1,1,1,1,1,1,1,1,1,1,1,1,1,1,1,1,1,1,1,1,1,1,1,1,1,1
23.524326984126986,24.05966984126984,46,51,1,1,1,1,1,1,1,1,1,1,1,1,1,1,1,1,1,1,1,1,1,1,1,1,1,1,1,1,1,1,1,1,1,1,1,1,1,1,1,1,1,1,1,1,1,1,1
23.501107029478458,23.675256689342405,60,43,1,1,1,1,1,1,1,1,1,1,1,1,1,1,1
23.31534739229025,23.605596825396827,55,77,1,1,1,1,1,1,1,1,1,1,1,1,1,1,1,1,1,1,1,1,1,1,1,1,1
23.292127437641724,23.501107029478458,60,50,1,1,1,1,1,1,1,1,1,1,1,1,1,1,1,1,1,1
23.117977777777778,23.582376870748302,67,65,1,1,1,1,1,1,1,1,1,1,1,1,1,1,1,1,1,1,1,1,1,1,1,1,1,1,1,1,1,1,1,1,1,1,1,1,1,1,1,1
23.117977777777778,23.31534739229025,55,69,1,1,1,1,1,1,1,1,1,1,1,1,1,1,1,1,1
22.85094829931973,23.12958775510204,79,46,1,1,1,1,1,1,1,1,1,1,1,1,1,1,1,1,1,1,1,1,1,1,1,1
22.85094829931973,23.08314784580499,70,41,1,1,1,1,1,1,1,1,1,1,1,1,1,1,1,1,1,1,1,1
22.85094829931973,23.117977777777778,67,58,1,1,1,1,1,1,1,1,1,1,1,1,1,1,1,1,1,1,1,1,1,1,1
22.85094829931973,23.117977777777778,55,67,1,1,1,1,1,1,1,1,1,1,1,1,1,1,1,1,1,1,1,1,1,1,1
22.70001859410431,22.85094829931973,67,64,1,1,1,1,1,1,1,1,1,1,1,1,1
22.70001859410431,22.85094829931973,55,80,1,1,1,1,1,1,1,1,1,1,1,1,1
22.409769160997733,22.630358730158733,70,37,1,1,1,1,1,1,1,1,1,1,1,1,1,1,1,1,1,1,1
22.38654920634921,22.54908888888889,79,47,1,1,1,2,1,1,1,1,1,1,1,1,1,1
22.293669387755102,22.711628571428573,51,50,1,1,1,1,1,1,1,1,1,1,1,1,1,1,1,1,1,1,1,1,1,1,1,1,1,1,1,1,1,1,1,1,1,1,1,1
22.28205941043084,22.70001859410431,67,56,1,1,1,1,1,1,1,1,1,1,1,1,1,1,1,1,1,1,1,1,1,1,1,1,1,1,1,1,1,1,1,1,1,1,1,1
22.189179591836737,22.70001859410431,55,66,1,1,1,1,1,1,1,1,1,1,1,1,1,1,1,1,1,1,1,1,1,1,1,1,1,1,1,1,1,1,1,1,1,1,1,1,1,1,1,1,1,1,1,1
22.17756961451247,22.340109297052155,58,55,1,1,1,1,1,1,1,1,1,1,1,1,1,1
22.01502993197279,22.17756961451247,58,45,1,1,1,1,1,1,1,1,1,1,1,1,1,1
22.01502993197279,22.189179591836737,55,78,1,1,1,1,1,1,1,1,1,1,1,1,1,1,1
22.00341995464853,22.28205941043084,67,64,1,1,1,1,1,1,1,1,1,1,1,1,1,1,1,1,1,1,1,1,1,1,1,1
21.991809977324266,22.74645850340136,61,46,1,1,1,1,1,1,1,1,1,1,1,1,1,1,1,1,1,1,1,1,1,1,1,1,1,1,1,1,1,1,1,1,1,1,1,1,1,1,1,1,1,1,1,1,1,1,1,1,1,1,1,1,1,1,1,1,1,1,1,1,1,1,1,1,1
21.827986394557826,22.00341995464853,67,57,1,1,1,1,1,1,1,1,1,1,1,1,1,1,1,1
21.827986394557826,22.01502993197279,55,84,1,1,1,1,1,1,1,1,1,1,1,1,1,1,1,1,1
21.804766439909297,23.025097959183675,46,59,1,1,1,1,1,1,1,1,1,1,1,1,1,1,1,1,1,1,1,1,1,1,1,1,1,1,1,1,1,1,1,1,1,1,1,1,1,1,1,1,1,1,1,1,1,1,1,1,1,1,1,1,1,1,1,1,1,1,1,1,1,1,1,1,1,1,1,1,1,1,1,1,1,1,1,1,1,1,1,1,1,1,1,1,1,1,1,1,1,1,1,1,1,1,1,1,1,1,1,1,1,1,1,1,1,1
21.746716553287982,21.991809977324266,61,61,1,1,1,1,1,1,1,1,1,1,1,1,1,1,1,1,1,1,1,1,1,1
21.65383673469388,21.827986394557826,67,68,1,1,1,1,1,1,1,1,1,1,1,1,1,1,1
21.65383673469388,21.827986394557826,55,71,1,1,1,1,1,1,1,1,1,1,1,1,1,1,1
21.57256689342404,21.816376417233563,51,34,1,1,1,1,1,1,1,1,1,1,1,1,1,1,1,1,1,1,1,1,1
21.514517006802723,21.804766439909297,46,53,1,1,1,1,1,1,1,1,1,1,1,1,1,1,1,1,1,1,1,1,1,1,1,1,1
21.456467120181408,21.65383673469388,55,65,1,1,1,1,1,1,1,1,1,1,1,1,1,1,1,1,1
21.340367346938777,23.23407755102041,39,62,1,1,1,1,1,1,1,1,1,1,1,1,1,1,1,1,1,1,1,1,1,1,1,1,1,1,1,1,1,1,1,1,1,1,1,1,1,1,1,1,1,1,1,1,1,1,1,1,1,1,1,1,1,1,1,1,1,1,1,1,1,1,1,1,1,1,1,1,1,1,1,1,1,1,1,1,1,1,1,1,1,1,1,1,1,1,1,1,1,1,1,1,1,1,1,1,1,1,1,1,1,1,1,1,1,1,1,1,1,1,1,1,1,1,1,1,1,1,1,1,1,1,1,1,1,1,1,1,1,1,1,1,1,1,1,1,1,1,1,1,1,1,1,1,1,1,1,1,1,1,1,1,1,1,1,1,1,1,1,1,1,1,1,1
21.154607709750568,21.340367346938777,39,60,1,1,1,1,1,1,1,1,1,1,1,1,1,1,1,1
21.131387755102043,21.456467120181408,55,45,1,1,1,1,1,1,1,1,1,1,1,1,1,1,1,1,1,1,1,1,1,1,1,1,1,1,1,1
21.096557823129253,21.410027210884355,51,62,1,1,1,1,1,1,1,1,1,1,1,1,1,1,1,1,1,1,1,1,1,1,1,1,1,1,1
20.96884807256236,21.131387755102043,53,54,1,1,1,1,1,1,1,1,1,1,1,1,1,1
20.945628117913834,21.212657596371884,43,56,1,1,1,1,1,1,1,1,1,1,1,1,1,1,1,1,1,1,1,1,1,1,1
20.864358276643994,21.038507936507937,65,52,1,1,1,1,1,1,1,1,1,1,1,1,1,1,1
20.771478458049888,20.945628117913834,43,66,1,1,1,1,1,1,1,1,1,1,1,1,1,1,1
20.748258503401363,21.131387755102043,55,43,1,1,1,1,1,1,1,1,1,1,1,1,1,1,1,1,1,1,1,-5,-5,-5,-5,-5,-5,-5,1,1,1,1,1,1,1
20.655378684807257,20.81791836734694,51,49,1,1,1,1,1,1,1,1,1,1,1,1,1,1
20.562498866213154,21.08494784580499,47,63,1,1,1,1,1,1,1,1,1,1,1,1,1,1,1,1,1,1,1,1,1,1,1,1,1,1,1,1,1,1,1,1,1,1,1,1,1,1,1,1,1,1,1,1,1
20.562498866213154,20.771478458049888,43,65,1,1,1,1,1,1,1,1,1,1,1,1,1,1,1,1,1,1
20.388349206349208,20.562498866213154,43,80,1,1,1,1,1,1,1,1,1,1,1,1,1,1,1
20.272249433106577,20.96884807256236,53,55,1,1,1,1,1,1,1,1,1,1,1,1,1,1,1,1,1,1,1,1,1,1,1,1,1,1,1,1,1,1,1,1,1,1,1,1,1,1,1,1,1,1,1,1,1,1,1,1,1,1,1,1,1,1,1,1,1,1,1,1
20.190979591836737,20.376739229024945,67,62,1,1,1,1,1,1,1,1,1,1,1,1,1,1,1,1
20.156149659863946,20.481229024943314,55,50,1,1,1,1,1,1,1,1,1,1,1,1,1,1,1,-5,-5,-5,1,1,1,1,1,1,1,1,1,1
20.156149659863946,20.388349206349208,43,70,1,1,1,1,1,1,1,1,1,1,1,1,1,1,1,1,1,1,1,1
20.005219954648528,20.156149659863946,55,47,1,1,1,1,1,1,1,1,1,1,1,1,1
20.005219954648528,20.156149659863946,43,77,1,1,1,1,1,1,1,1,1,1,1,1,1
19.982000000000003,20.272249433106577,53,49,1,1,1,1,1,1,1,1,1,1,1,1,1,1,1,1,1,1,1,1,1,1,1,1,1
19.958780045351475,20.156149659863946,50,52,1,1,1,1,1,1,1,1,1,1,1,1,1,1,1,1,1
19.81817641723356,20.330299319727892,59,48,1,1,1,1,1,1,1,1,1,1,1,1,1,1,1,1,1,1,1,1,1,1,1,1,1,1,1,1,1,1,1,1,1,1,1,1,1,1,1,1,1,1,1,1,1
19.74851655328798,19.958780045351475,50,38,1,1,1,1,1,1,1,1,1,1,1,1,1,1,1,1,1,1,1
19.44665714285714,19.841396371882084,71,62,1,1,1,1,1,1,1,1,1,1,1,1,1,1,1,1,1,1,1,1,1,1,1,1,1,1,1,1,1,1,1,1,1,1
19.35377732426304,19.690466666666666,67,52,1,1,1,1,1,1,1,1,1,1,1,1,1,1,1,1,1,1,1,1,1,1,1,1,1,1,1,1,1
19.191237641723355,19.423437188208617,61,62,1,1,1,1,1,1,1,1,1,1,1,1,1,1,1,1,1,1,1,1
19.109967800453514,19.260897505668932,63,35,-5,-5,-5,-5,-5,-5,-5,-5,-5,-5,-5,-5,-5
19.075137868480724,19.469877097505666,53,46,1,1,1,1,1,1,1,1,1,1,1,1,1,1,1,1,1,1,1,1,1,1,1,1,1,1,1,1,1,1,1,1,1,1
18.993868027210883,19.191237641723355,61,62,1,1,1,1,1,1,1,1,1,1,1,1,1,1,1,1,1
18.993868027210883,19.202847619047617,59,49,1,1,1,1,1,1,1,1,1,1,1,1,1,1,1,1,1,1
18.935818140589568,19.075137868480724,53,61,1,1,1,1,1,1,1,1,1,1,1,1
18.842938321995465,19.040307936507936,71,51,1,1,1,1,1,1,1,1,1,1,1,1,1,1,1,1,1
18.842938321995465,19.1447977324263,68,47,1,1,1,1,1,1,1,1,1,1,1,1,1,1,1,1,1,1,1,1,1,1,1,1,1,1
18.842938321995465,18.993868027210883,59,56,1,1,1,1,1,1,1,1,1,1,1,1,1
18.773278458049884,18.935818140589568,53,65,1,1,1,1,1,1,1,1,1,1,1,1,1,1
18.76166848072562,18.993868027210883,65,52,1,1,1,1,1,1,1,1,1,1,1,1,1,1,1,1,1,1,1,1
18.471419047619047,19.342167346938773,44,44,1,1,1,1,1,1,1,1,1,1,1,1,1,1,1,1,1,1,1,1,1,1,1,1,1,1,1,1,1,1,1,1,1,1,1,1,1,1,1,1,1,1,1,1,1,1,1,1,1,1,1,1,1,1,1,1,1,1,1,1,1,1,1,1,1,1,1,1,1,1,1,1,1,1,1
18.45980907029478,18.76166848072562,65,59,1,1,1,1,1,1,1,1,1,1,1,1,2,1,1,1,1,1,1,1,1,1,1,1,1,1
18.45980907029478,18.738448526077097,56,55,1,1,1,1,1,1,1,1,1,1,1,1,1,1,1,1,1,1,1,1,1,1,1,1
18.45980907029478,18.773278458049884,53,75,1,1,1,1,1,1,1,1,1,1,1,1,1,1,1,1,1,1,1,1,1,1,1,1,1,1,1
18.28565941043084,18.45980907029478,65,33,1,1,1,1,1,1,1,2,2,2,1,1,1,1,1
18.26243945578231,18.45980907029478,53,87,1,1,1,1,1,1,1,1,1,1,1,1,1,1,1,1,1
18.09989977324263,18.28565941043084,65,51,1,1,1,1,1,1,1,1,1,1,1,1,1,1,1,1
18.09989977324263,18.26243945578231,53,78,1,1,1,1,1,1,1,1,1,1,1,1,1,1
17.925750113378683,18.09989977324263,53,76,1,1,1,1,1,1,1,1,1,1,1,1,1,1,1
17.91414013605442,18.45980907029478,56,47,1,1,1,1,1,1,1,1,1,1,1,1,1,1,1,1,1,1,1,1,1,1,1,1,1,1,1,1,1,1,1,1,1,1,1,1,1,1,1,1,1,1,1,1,1,1,1
17.81997641723356,18.041849886621314,37,64,1,1,1,1,1,1,1,1,1,1,1,1,1,1,1,1,1,1,1,1
17.761926530612243,17.925750113378683,53,72,1,1,1,1,1,1,1,1,1,1,1,1,1,1,1
17.576166893424034,17.761926530612243,53,63,1,1,1,1,1,1,1,1,1,1,1,1,1,1,1,1
17.55294693877551,17.960580045351474,65,41,1,1,1,1,1,1,1,1,1,1,1,1,1,1,1,1,1,1,1,1,1,1,1,1,1,1,1,1,2,2,2,1,1,1,1,1
17.55294693877551,17.81997641723356,37,41,1,1,1,1,1,1,1,1,1,1,1,1,1,1,1,1,1,1,1,1,1,1,1
17.425237188208616,17.599386848072562,71,68,1,1,1,1,1,1,1,1,1,1,1,1,1,1,1
17.425237188208616,17.576166893424034,53,65,1,1,1,1,1,1,1,1,1,1,1,1,1
17.25108752834467,17.40201723356009,51,60,2,1,1,1,2,2,2,2,2,2,2,2,2
17.239477551020407,17.425237188208616,71,91,1,1,1,1,1,1,1,1,1,1,1,1,1,1,1,1
17.227867573696145,17.703876643990927,59,52,1,1,1,1,1,1,1,1,1,1,1,1,1,1,1,1,1,1,1,1,1,1,1,1,1,1,1,1,1,1,1,1,1,1,1,1,1,1,1,1,1
17.216257596371882,17.47167709750567,63,39,1,1,1,1,1,1,1,1,1,-2,-2,-2,-2,1,1,1,1,1,1,1,1,1
17.10015782312925,17.25108752834467,51,58,1,1,1,1,1,1,1,1,1,1,2,2,2
17.076937868480726,17.355577324263038,67,73,1,1,1,1,1,1,1,1,1,1,1,1,1,1,1,1,1,1,1,1,1,1,1,1
16.995668027210883,17.13498775510204,63,49,-2,1,1,1,1,1,1,1,-2,1,1,1
16.972448072562358,17.227867573696145,59,57,1,1,1,1,1,1,1,1,1,1,1,1,1,1,1,1,1,1,1,1,1,1
16.960838095238095,17.3671873015873,65,47,1,1,1,1,1,1,1,1,1,1,1,1,1,1,1,1,1,1,1,1,1,1,1,1,1,1,1,1,1,1,1,1,1,1,1
16.82151836734694,17.076937868480726,67,74,1,1,1,1,1,1,1,1,1,1,1,1,1,1,1,1,1,1,1,1,1,1
16.79829841269841,16.995668027210883,62,59,1,1,1,1,1,1,1,1,1,1,1,1,1,1,1,1,1
16.763468480725624,17.030497959183673,50,56,1,1,1,1,1,1,1,1,1,1,1,1,1,1,1,1,1,1,1,1,1,1,1
16.647368707482993,16.79829841269841,62,54,1,1,1,1,1,1,1,1,1,2,2,1,1
16.542878911564625,16.972448072562358,59,72,1,1,1,1,1,1,1,1,1,1,1,1,1,1,1,1,1,1,1,1,1,1,1,1,1,1,1,1,1,1,1,1,1,1,1,1,1
16.449999092970522,16.763468480725624,50,58,1,1,1,1,1,1,1,1,1,1,1,1,1,1,1,1,1,1,1,1,1,1,1,1,1,1,1
16.357119274376416,16.5196589569161,55,56,1,1,1,1,1,1,1,1,1,1,1,1,1,1
16.33389931972789,17.51811700680272,43,56,1,1,1,1,1,1,1,1,1,1,1,1,1,1,1,1,1,1,1,1,1,1,1,1,1,1,1,1,1,1,1,1,1,1,1,1,1,1,1,1,1,1,1,1,1,1,1,1,1,1,1,1,2,2,2,2,2,2,2,2,2,2,2,2,2,1,1,1,1,1,1,1,1,1,1,1,1,1,1,1,1,1,1,2,2,2,2,1,1,1,2,2,2,2,2,2,2,2,2,2,2,2
16.264239455782313,16.449999092970522,60,58,1,1,1,1,1,1,1,1,1,1,1,1,1,1,1,1
16.206189569160998,16.82151836734694,67,53,1,1,1,1,1,1,1,1,1,1,1,1,1,1,1,1,1,1,1,1,1,1,1,1,1,1,1,1,1,1,1,1,1,1,1,1,1,1,1,1,1,1,1,1,1,1,1,1,1,1,1,1,1
16.194579591836735,16.357119274376416,55,46,1,1,1,1,1,1,1,1,1,1,1,1,1,1
16.11330975056689,16.264239455782313,60,49,1,1,1,1,1,1,1,1,1,1,1,1,1
16.10169977324263,16.461609070294784,72,48,1,1,1,1,1,1,1,1,1,1,1,1,1,1,1,1,1,1,1,1,1,1,1,1,1,1,1,1,1,1,1
16.03203990929705,16.264239455782313,50,52,1,1,1,1,1,1,1,1,1,1,1,1,1,1,1,1,1,1,1,1
15.95077006802721,16.11330975056689,60,43,-2,-2,-2,-2,-2,-2,-1,-1,-2,1,1,-2,-2,1
15.927550113378683,16.461609070294784,63,61,1,1,1,1,1,1,1,1,1,1,1,1,1,1,1,1,1,1,1,1,1,1,1,1,1,1,1,1,1,1,1,1,1,1,1,1,1,1,1,1,1,1,1,1,1,1
15.78694648526077,15.95077006802721,59,80,1,1,1,1,1,1,1,1,1,1,1,1,1,1,1
15.775336507936508,15.904330158730158,55,52,1,1,1,1,1,1,1,1,1,1,1,1
15.694066666666666,16.03203990929705,50,46,1,1,1,1,1,1,1,1,1,1,1,1,1,1,1,1,1,1,1,1,1,1,1,1,1,1,1,1,1,1
15.612796825396826,15.775336507936508,55,61,1,1,1,1,1,1,1,1,1,1,1,1,1,1
15.55474693877551,16.33389931972789,43,71,1,1,1,1,1,1,1,1,1,1,1,1,1,1,1,1,1,1,1,1,1,1,1,1,1,1,1,1,1,1,1,1,1,1,1,1,1,1,1,1,1,1,1,1,1,1,1,1,1,1,1,1,1,1,1,1,1,1,1,1,1,1,1,1,1,1,1,1
15.25288752834467,15.531526984126984,56,60,1,1,1,1,1,1,1,1,1,1,1,1,1,1,1,1,1,1,1,1,1,1,1,-2
15.160007709750566,15.508307029478457,62,61,1,1,1,1,1,1,1,1,1,1,1,1,1,1,1,1,1,1,1,1,1,1,1,1,1,1,1,1,1,1
15.078737868480726,15.496697052154195,50,69,1,1,1,1,1,1,1,1,1,1,1,1,1,1,1,1,1,1,1,1,1,1,1,1,1,1,1,1,1,1,1,1,1,1,1,1
15.009078004535148,15.612796825396826,60,46,1,1,1,1,1,1,1,1,1,1,1,1,1,1,1,1,1,1,1,1,1,1,1,1,1,1,1,1,1,1,1,1,1,1,1,1,1,1,1,1,1,1,1,1,1,1,1,1,1,1,1,1
15.009078004535148,15.25288752834467,56,65,1,1,1,1,1,1,1,1,1,1,1,1,1,1,1,1,1,1,1,1,1
14.881368253968255,15.160007709750566,62,48,1,1,1,1,1,1,1,1,1,1,1,1,1,1,1,1,1,1,1,1,1,1,1,1
14.881368253968255,15.078737868480726,50,61,1,1,1,1,1,1,1,1,1,1,1,1,1,1,1,1,1
14.86975827664399,15.009078004535148,56,59,1,1,1,1,1,1,1,1,1,1,1,1
14.695608616780046,14.86975827664399,56,76,1,1,1,1,1,1,1,1,1,1,1,1,1,1,1
14.683998639455782,14.881368253968255,62,40,1,1,1,1,1,1,1,1,1,1,1,1,1,1,1,1,1
14.602728798185941,14.881368253968255,50,81,1,1,1,1,1,1,1,1,1,1,1,1,1,1,1,1,1,1,1,1,1,1,1,1
14.591118820861677,15.519917006802721,41,55,1,1,1,1,1,1,1,1,1,1,1,1,1,1,1,1,1,1,1,1,1,1,1,1,1,1,1,1,1,1,1,1,1,1,1,1,1,1,1,1,1,1,1,1,1,1,1,1,1,1,1,1,1,1,1,1,1,1,1,1,1,1,1,1,1,1,1,1,1,1,1,1,1,1,1,1,1,1,1,1
14.5214589569161,15.10195782312925,68,46,1,1,1,1,1,1,1,1,1,1,1,1,1,1,1,1,1,1,1,1,1,1,1,1,1,1,1,1,1,1,1,1,1,1,1,1,1,1,1,1,1,1,1,1,1,1,1,1,1,1
14.5214589569161,14.695608616780046,56,73,1,1,1,1,1,1,1,1,1,1,1,1,1,1,1
14.428579138321995,14.591118820861677,62,59,1,1,1,1,1,1,1,1,1,1,1,1,1,1
14.33569931972789,14.475019047619048,60,46,1,1,1,1,1,1,1,1,1,1,1,1
14.289259410430839,14.428579138321995,62,66,1,1,1,1,1,1,1,1,1,1,1,1
14.277649433106575,14.5214589569161,56,76,1,1,1,1,1,1,1,1,1,1,1,1,1,1,1,1,1,1,1,1,1
14.184769614512472,14.602728798185941,50,50,1,1,1,2,1,1,1,1,1,1,1,1,1,1,1,1,1,1,2,2,1,1,1,1,1,1,1,1,1,1,1,1,1,1,1,1
14.138329705215419,14.277649433106575,56,72,1,1,1,1,1,1,1,1,1,1,1,1
13.964180045351474,14.277649433106575,48,54,1,1,1,1,1,1,1,1,1,1,1,1,1,1,1,1,1,1,1,1,1,1,1,1,1,1,1
13.964180045351474,14.591118820861677,41,49,1,1,1,1,1,1,1,1,1,1,1,1,1,1,1,1,1,1,1,1,1,1,1,1,1,1,1,1,1,1,1,1,1,1,1,1,1,1,1,1,1,1,1,1,1,1,1,1,1,1,1,1,1,1
13.940960090702948,14.138329705215419,56,47,-2,-2,1,1,1,1,-2,-2,-2,-2,-2,-2,1,1,1,1,1
13.811966439909297,13.964180045351474,41,74,1,1,1,1,1,1,1,1,1,1,1,1,1,1
13.753916553287983,14.045449886621315,63,54,1,1,1,1,1,1,1,1,1,1,1,1,1,1,1,1,1,1,1,1,1,1,1,-2,-2,1
13.5913768707483,13.870016326530612,51,75,1,1,1,1,1,1,1,1,1,1,1,1,1,1,1,1,1,1,1,1,1,1,1,1
13.579766893424036,13.753916553287983,63,59,1,1,1,1,1,1,1,1,1,1,1,1,1,1,1
13.55654693877551,13.85840634920635,70,53,1,1,1,1,1,1,1,1,1,1,1,1,1,1,1,1,1,1,1,1,1,1,1,1,1,1
13.452057142857143,13.62620680272109,55,39,1,1,1,1,1,1,1,1,1,1,1,1,1,1,1
13.359177324263038,13.5913768707483,60,53,1,1,1,1,1,1,1,1,1,1,1,1,1,1,1,1,1,1,1,1
13.312737414965987,13.452057142857143,55,45,4,1,1,1,1,1,1,1,1,1,1,1
13.231467573696145,13.5913768707483,51,65,1,1,1,1,1,1,1,1,1,1,1,1,1,1,1,1,1,1,1,1,1,1,1,1,1,1,1,1,1,1,1
13.150197732426305,13.312737414965987,56,37,1,1,1,1,1,1,1,1,1,1,1,1,1,1
13.150197732426305,13.649426757369614,46,45,1,1,1,1,1,1,1,1,1,1,1,1,1,1,1,1,1,1,1,1,1,1,1,1,1,1,1,1,1,1,1,1,1,1,1,1,1,1,1,1,1,1,1
13.126977777777778,13.614596825396825,39,71,1,1,1,1,1,1,1,1,1,1,1,1,1,1,1,1,1,1,1,1,1,1,1,1,1,1,1,1,1,1,1,1,1,1,1,1,1,1,1,1,1,1
12.90638820861678,13.126977777777778,39,80,1,1,1,1,1,1,1,1,1,1,1,1,1,1,1,1,1,1,1
12.883168253968254,13.185027664399094,58,42,-5,1,1,1,1,1,1,1,1,1,1,1,1,1,1,1,1,1,1,1,2,2,2,2,1,1
12.883168253968254,13.231467573696145,51,61,1,1,1,1,1,1,1,1,1,1,1,1,1,1,1,1,1,1,1,1,1,1,1,1,1,1,1,1,1,1
12.813508390022676,13.0573179138322,56,56,1,1,1,1,1,1,1,1,1,1,1,1,1,1,1,1,1,1,1,1,1
12.685798639455783,13.17341768707483,44,58,1,1,1,1,1,1,1,1,1,1,1,1,1,1,1,1,1,1,1,1,1,1,1,1,1,1,1,1,1,1,1,1,1,1,1,1,1,1,1,1,1,1
12.592918820861678,12.883168253968254,51,65,1,1,1,1,1,1,1,1,1,1,1,1,1,1,1,1,1,1,1,1,1,1,1,1,1
12.500039002267574,12.743848526077098,60,64,1,1,1,1,1,1,1,1,1,1,1,1,1,1,1,1,1,1,1,1,1
12.314279365079365,13.010878004535147,63,59,1,1,1,1,1,1,1,1,1,1,1,1,1,1,1,1,1,1,1,1,1,1,1,1,1,1,1,1,1,1,1,1,1,1,1,1,1,1,1,1,1,1,1,1,1,1,1,1,1,1,1,1,1,1,1,1,1,1,1,1
12.279449433106576,12.500039002267574,60,55,1,1,1,1,1,1,1,1,1,1,1,1,1,1,1,1,1,1,1
12.209789569160998,12.685798639455783,44,78,1,1,1,1,1,1,1,1,1,1,1,1,1,1,1,1,1,1,1,1,1,1,1,1,1,1,1,1,1,1,1,1,1,1,1,1,1,1,1,1,1
12.198179591836736,12.592918820861678,51,59,1,1,1,1,1,1,1,1,1,1,1,1,1,1,1,1,1,1,1,1,1,1,1,1,1,1,1,1,1,1,1,1,1,1
12.105299773242631,12.267839455782314,72,56,1,1,1,1,1,1,1,1,1,1,1,1,1,1
12.000809977324263,12.279449433106576,60,50,1,1,1,1,1,1,1,1,1,1,1,1,1,1,1,1,1,1,1,1,1,1,1,1
11.931150113378685,12.360719274376418,65,60,-5,1,1,1,1,1,1,1,1,1,1,1,1,1,1,1,1,1,1,1,1,1,1,-5,-5,-5,-5,-5,-5,-5,1,1,1,1,1,1,-5
11.871816326530613,12.314279365079365,63,67,1,1,1,1,1,1,1,1,1,1,1,1,1,1,1,1,1,1,1,1,1,1,1,1,1,1,1,1,1,1,1,1,1,1,1,1,1,1,1
11.767326530612246,11.931150113378685,65,34,1,1,1,1,1,1,1,1,1,-5,-5,-5,-5,-5,-5
11.686056689342404,12.000809977324263,60,59,1,1,1,1,1,1,1,1,1,1,1,1,1,1,1,1,1,1,1,1,1,1,1,1,1,1,1,1
11.581566893424037,12.198179591836736,51,53,1,1,1,1,1,1,1,1,1,1,1,1,1,1,1,1,1,1,1,1,1,1,1,1,1,1,1,1,1,1,1,1,1,1,1,1,1,1,1,1,1,1,1,1,1,1,1,1,1,1,1,1,1,1
11.337757369614513,11.686056689342404,60,48,1,1,1,1,1,1,1,1,1,1,1,1,1,1,1,1,1,1,1,1,1,1,1,1,1,1,1,1,1,1
11.151997732426304,12.209789569160998,44,61,1,1,1,1,1,1,1,1,1,1,1,1,1,1,1,1,1,1,1,1,1,1,1,1,1,1,1,1,1,1,1,1,1,1,1,1,1,1,1,1,1,1,1,1,1,1,1,1,1,1,1,1,1,1,1,1,1,1,1,1,1,1,1,1,1,1,1,1,1,1,1,1,1,1,1,1,1,1,1,1,1,1,1,1,1,1,1,1,1,1,1,1
10.931408163265306,11.186827664399093,61,61,1,1,1,1,1,1,1,1,1,1,1,1,1,1,1,1,1,1,1,1,1,1
10.861748299319729,11.268097505668935,67,71,1,1,1,1,1,1,1,1,1,1,1,1,1,1,1,1,1,1,1,1,1,1,1,1,1,1,1,1,1,1,1,1,1,1,1
10.861748299319729,11.105557823129253,55,56,1,1,1,1,1,1,1,1,1,1,1,1,1,1,1,1,1,1,1,1,1
10.734038548752835,11.001068027210886,59,55,1,1,1,1,1,1,1,1,1,1,1,1,1,1,1,1,1,1,2,2,2,2,1
10.710818594104309,10.931408163265306,61,58,1,1,1,1,1,1,1,1,1,1,1,1,1,1,1,1,1,1,1
10.59471882086168,10.861748299319729,55,64,1,1,1,1,1,1,1,1,1,1,1,1,1,1,1,1,1,1,1,1,1,1,1
10.269639455782313,11.51190702947846,49,63,1,1,1,1,1,1,1,1,1,1,1,1,1,1,1,1,1,1,1,1,1,1,1,1,1,1,1,1,1,1,1,1,1,1,1,1,1,1,1,1,1,1,1,1,1,1,1,1,1,1,1,1,1,1,1,1,1,1,1,1,1,1,1,1,1,1,1,1,1,1,1,1,1,1,1,1,1,1,1,1,1,1,1,1,1,1,1,1,1,1,1,1,1,1,1,1,1,1,1,1,1,1,1,1,1,1,1
10.25802947845805,10.583108843537415,58,46,1,1,1,1,1,1,1,1,1,1,2,2,2,2,2,2,1,1,1,1,1,1,1,1,1,1,1,1
10.083879818594106,10.25802947845805,58,59,1,1,1,1,1,1,1,1,1,1,1,1,1,1,1
10.072269841269842,10.478619047619048,51,58,1,1,1,1,1,1,1,1,1,1,1,1,1,1,1,1,1,1,1,1,1,1,1,1,1,1,1,1,1,1,1,1,1,1,1
10.072269841269842,11.221657596371882,39,63,1,1,1,1,1,1,1,1,1,1,1,1,1,1,1,1,1,1,1,1,1,1,1,1,1,1,1,1,1,1,1,1,1,1,1,1,1,1,1,1,1,1,1,1,1,1,1,1,1,1,1,1,1,1,1,1,1,1,1,1,1,1,1,1,1,1,1,1,1,1,1,1,1,1,1,1,1,1,1,1,1,1,1,1,1,1,1,1,1,1,1,1,1,1,1,1,1,1,1
9.815566439909297,10.385739229024944,46,62,1,1,1,1,1,1,1,1,1,1,1,1,1,1,1,1,1,1,1,1,1,1,1,1,1,1,1,1,1,1,1,1,1,1,1,1,1,1,1,1,1,1,1,1,1,1,1,1,1,1
9.769126530612244,10.188369614512473,60,55,1,1,1,1,1,1,1,1,1,1,1,1,1,1,1,1,1,1,1,1,1,1,1,1,1,1,1,1,1,1,1,1,1,1,1,1,1
9.757516553287982,10.083879818594106,58,68,1,1,1,1,1,1,1,1,1,1,1,1,1,1,1,1,1,1,1,1,1,1,1,1,1,1,1,1,1
9.5949768707483,9.769126530612244,60,70,1,1,1,1,1,1,1,1,1,1,1,1,1,1,1
9.490487074829932,9.64141678004535,70,49,1,1,1,1,1,1,1,1,1,1,1,1,1
9.490487074829932,9.757516553287982,58,72,1,1,1,1,1,1,1,1,1,1,1,1,1,1,1,1,1,1,1,1,1,1,1
9.420827210884353,9.5949768707483,60,70,1,1,1,1,1,1,1,1,1,1,1,1,1,1,1
9.25828752834467,9.490487074829932,58,52,1,1,1,1,1,1,1,1,1,1,1,1,1,1,1,1,1,1,1,1
9.246677551020408,9.687856689342404,67,66,1,1,1,1,1,1,1,1,1,1,1,1,1,1,1,1,1,1,1,1,1,1,1,1,1,1,1,1,1,1,1,1,1,1,1,1,1,1
9.246677551020408,10.59471882086168,55,55,4,4,4,1,1,1,1,1,1,1,1,1,1,1,1,1,1,1,1,1,1,1,1,1,1,1,1,1,1,1,1,1,1,1,1,1,1,1,1,1,1,1,1,1,1,1,1,1,1,1,1,1,1,1,1,1,1,1,1,1,1,1,1,1,1,1,1,1,1,1,1,1,1,1,1,1,1,1,1,1,1,1,1,1,1,1,1,1,1,1,1,1,1,1,1,1,1,1,1,1,1,1,1,1,1,1,1,1,1,1,1,1,1,1,1,1,1
9.095747845804988,9.25828752834467,58,62,-5,1,1,1,1,1,1,1,1,1,1,1,1,1
9.095747845804988,9.246677551020408,56,75,1,1,1,1,1,1,1,1,1,1,1,1,1
9.095747845804988,9.235067573696144,46,60,1,1,1,1,1,1,1,1,1,1,1,1
8.979648072562357,9.420827210884353,60,63,1,1,1,1,1,1,1,1,1,1,1,1,1,1,1,1,1,1,1,1,1,1,1,1,1,1,1,1,1,1,1,1,1,1,1,1,1,1
8.944818140589568,9.095747845804988,56,90,1,1,1,1,1,1,1,1,1,1,1,1,1
8.701008616780046,9.095747845804988,46,64,1,1,1,1,1,1,1,1,1,1,1,1,1,1,1,1,1,1,1,1,1,1,1,1,1,1,1,1,1,1,1,1,1,1
8.689398639455781,8.944818140589568,56,61,1,1,1,1,1,1,1,1,1,-1,-2,-2,-2,-2,-2,-2,-2,-2,-2,1,1,1
8.596518820861677,8.863548299319728,39,68,1,1,1,1,1,1,1,1,1,1,1,1,1,1,1,1,1,1,1,1,1,1,1
8.550078911564626,8.689398639455781,56,71,1,1,1,1,1,1,1,1,1,1,1,1
8.457199092970521,8.619738775510204,65,44,1,1,1,1,1,1,1,1,1,1,1,1,1,1
8.433979138321995,8.956428117913832,51,52,1,1,1,1,1,1,1,1,1,1,1,1,1,1,1,1,1,1,1,1,1,1,1,1,1,1,1,1,1,1,1,1,1,1,1,1,1,1,1,1,1,1,1,1,1
8.41075918367347,8.596518820861677,39,52,-1,-1,1,1,1,1,1,1,1,1,1,1,1,1,1,1
8.34109931972789,8.550078911564626,56,77,1,1,1,1,1,1,1,1,1,1,1,1,1,1,1,1,1,1
8.294659410430839,8.666178684807257,53,48,1,1,1,1,1,1,1,1,1,1,1,1,1,1,1,1,1,1,1,1,1,1,1,1,1,1,1,1,1,1,1,-5
8.294659410430839,8.701008616780046,46,66,1,1,1,1,1,1,1,1,1,1,1,1,1,1,1,1,1,1,1,1,1,1,1,1,1,1,1,1,1,1,1,1,1,1,1
8.201779591836734,8.34109931972789,70,42,1,1,1,1,1,1,1,1,1,1,1,1
8.201779591836734,8.34109931972789,58,38,1,1,1,1,1,1,1,-5,-5,-5,1,1
8.143729705215419,8.596518820861677,60,49,1,1,1,1,1,1,1,1,1,1,1,1,1,1,1,1,1,1,1,1,1,1,1,1,1,1,1,1,1,1,1,1,1,1,1,1,1,1,1
8.143729705215419,8.294659410430839,46,72,1,1,1,1,1,1,1,1,1,1,1,1,1
7.969580045351474,8.201779591836734,58,48,1,1,1,1,1,1,1,1,-5,1,1,1,1,1,1,1,1,1,1,1
7.969580045351474,8.34109931972789,56,67,1,1,1,1,1,1,1,1,1,1,1,1,1,1,1,1,1,1,1,1,1,1,1,1,1,1,1,1,1,1,1,1
7.95797006802721,8.143729705215419,46,70,1,1,1,1,1,1,1,1,1,1,1,1,1,1,1,1
7.933466213151927,8.143729705215419,60,72,1,1,1,1,1,1,1,1,1,1,1,1,1,1,1,1,1,1,1
7.794146485260771,7.969580045351474,58,48,1,1,1,1,1,1,1,1,1,1,1,1,1,1,1,1
7.794146485260771,7.95797006802721,46,72,1,1,1,1,1,1,1,1,1,1,1,1,1,1,1
7.736096598639456,8.132119727891157,65,50,1,1,1,1,1,1,1,1,1,1,1,1,1,1,1,1,1,1,1,1,1,1,1,1,1,1,1,1,1,1,1,1,1,1,1
7.678046712018141,7.933466213151927,60,81,1,1,1,1,1,1,1,1,1,1,1,1,1,1,1,1,1,1,1,1,1,1
7.573556916099774,7.794146485260771,46,62,1,1,1,1,1,1,1,1,1,1,1,1,1,1,1,1,1,1,1
7.5619469387755105,7.736096598639456,65,52,1,1,1,1,1,1,1,1,1,1,1,1,1,1,1
7.550336961451247,7.794146485260771,58,44,1,1,1,1,1,1,1,1,1,1,1,1,1,7,7,7,7,7,7,7,1
7.434237188208617,8.294659410430839,53,56,1,1,1,1,1,1,1,1,1,1,1,1,1,1,1,1,1,1,1,1,1,1,1,1,1,1,1,1,1,1,1,1,1,1,1,1,1,1,1,1,1,1,1,1,1,1,1,1,1,1,1,1,1,1,1,1,1,1,1,1,1,1,1,1,1,1,1,1,1,1,1,1,1,1,1
7.329747392290249,7.678046712018141,60,66,1,1,1,1,1,1,1,1,1,1,1,1,1,1,1,1,1,1,1,1,1,1,1,1,1,1,1,1,1,1
7.248477551020408,7.550336961451247,58,64,1,1,1,1,1,1,1,1,1,1,1,1,1,1,1,1,1,1,1,1,1,1,1,1,1,1
7.225257596371883,7.434237188208617,53,60,1,1,1,1,1,1,1,1,1,1,1,1,1,1,1,1,1,1
7.132377777777778,7.411017233560091,56,56,1,1,1,1,1,1,1,1,1,1,1,1,1,1,1,1,1,1,1,1,1,1,1,1
7.016278004535147,7.573556916099774,46,68,1,1,1,1,1,1,1,1,1,1,1,1,1,1,1,1,1,1,1,1,1,1,1,1,1,1,1,1,1,1,1,1,1,1,1,1,1,1,1,1,1,1,1,1,1,1,1,1
7.004668027210885,7.248477551020408,58,49,-5,1,1,1,1,1,1,1,1,1,1,1,1,1,1,1,1,-5,-5,1,1
6.981448072562358,7.236867573696145,70,40,1,1,1,1,1,1,1,1,1,1,1,1,1,1,1,1,1,1,1,1,1,1
6.865348299319728,7.132377777777778,56,60,1,1,1,1,1,1,1,1,1,1,1,1,1,1,1,1,1,1,1,1,1,1,1
6.807298412698413,7.492287074829932,63,45,1,1,1,1,1,1,1,1,1,1,1,1,1,1,1,1,1,1,1,1,1,1,1,1,1,1,1,1,1,1,1,1,1,1,1,1,1,1,1,1,1,1,1,1,1,1,1,1,1,1,1,1,1,1,1,1,1,1,1
6.79568843537415,6.969838095238095,50,44,4,4,1,1,1,1,1,1,1,1,1,1,1,1,1
6.64475873015873,6.865348299319728,56,71,1,1,1,1,1,1,1,1,1,1,1,1,1,1,1,1,1,1,1
6.598318820861678,6.807298412698413,63,78,1,1,1,1,1,1,1,1,1,1,1,1,1,1,1,1,1,1
6.575098866213152,6.9582281179138326,36,64,1,1,1,1,1,1,1,1,1,1,1,1,1,1,1,1,1,1,1,1,1,1,1,1,1,1,1,1,1,1,1,1,1
6.49382902494331,6.79568843537415,60,59,1,1,1,1,1,1,1,1,1,1,1,1,1,1,1,1,1,1,1,1,1,1,1,1,1,1
6.49382902494331,6.64475873015873,56,74,1,1,1,1,1,1,1,1,1,1,1,1,1
6.400949206349207,6.598318820861678,63,47,1,1,1,1,1,1,1,1,1,1,1,1,1,1,1,1,1
6.366119274376417,6.575098866213152,36,93,1,1,1,1,1,1,1,1,1,1,1,1,1,1,1,1,1,1
6.342899319727891,6.79568843537415,51,74,1,1,1,1,1,1,1,1,1,1,1,1,1,1,1,1,1,1,1,1,1,1,1,1,1,1,1,1,1,1,1,1,1,1,1,1,1,1,1
6.319679365079365,6.49382902494331,56,58,1,1,1,1,1,1,1,1,1,1,1,1,1,1,1
6.226799546485261,6.609928798185941,48,47,1,1,1,1,1,1,1,1,1,1,1,1,1,1,1,1,1,1,1,1,1,1,1,1,1,1,1,1,1,1,1,1,1
6.087479818594105,6.598318820861678,43,55,1,1,1,1,1,1,1,1,1,1,1,1,1,1,1,1,1,1,1,1,1,1,1,1,1,1,1,1,1,1,1,1,1,1,1,1,1,1,1,1,1,1,1,1
6.075869841269841,6.250019501133787,55,41,1,1,1,1,1,1,1,1,1,1,1,1,1,1,1
5.888826303854875,6.226799546485261,48,59,1,1,1,1,1,1,1,1,1,1,1,1,1,1,1,1,1,1,1,1,1,1,1,1,1,1,1,1,1,1
5.877216326530612,6.366119274376417,36,77,1,1,1,1,1,1,1,1,1,1,1,1,1,1,1,1,1,1,1,1,1,1,1,1,1,1,1,1,1,1,1,1,1,1,1,1,1,1,1,1,1,1,1
5.67984671201814,5.888826303854875,48,88,1,1,1,1,1,1,1,1,1,1,1,1,1,1,1,1,1,1
5.494087074829932,6.14552970521542,53,69,1,1,1,1,1,1,1,1,1,1,1,1,1,1,1,1,1,1,1,1,1,1,1,1,1,1,1,1,1,1,1,1,1,1,1,1,1,1,1,1,1,1,1,1,1,1,1,1,1,1,1,1,1,1,1,1,1
5.424427210884353,5.842386394557823,56,65,1,1,1,1,1,1,1,1,1,1,1,1,1,1,1,1,1,1,1,1,1,1,1,1,1,1,1,1,1,1,1,1,1,1,1,1
5.238667573696145,5.424427210884353,55,43,4,4,4,1,1,1,1,1,1,1,1,4,4,4,4,4
5.052907936507936,5.67984671201814,48,77,1,1,1,1,1,1,1,1,1,1,1,1,1,1,1,1,1,1,1,1,1,1,1,1,1,1,1,1,1,1,1,1,1,1,1,1,1,1,1,1,1,1,1,1,1,1,1,1,1,1,1,1,1,1
5.02968798185941,5.238667573696145,56,69,1,1,1,1,1,1,1,1,1,1,1,1,1,1,1,1,1,1
5.018078004535147,5.227057596371882,60,46,1,1,1,1,1,1,1,1,1,1,1,1,1,1,1,1,1,1
4.809098412698413,5.02968798185941,56,63,1,1,1,1,1,1,1,1,1,1,1,1,1,1,1,1,1,1,1
4.704608616780045,5.052907936507936,48,81,1,1,1,1,1,1,1,1,1,1,1,1,1,1,1,1,1,1,1,1,1,1,1,1,1,1,1,1,1,1
4.669778684807256,4.809098412698413,56,84,1,1,1,1,1,1,1,1,1,1,1,1
4.542068934240363,4.704608616780045,48,86,1,1,1,1,1,1,1,1,1,1,1,1,1,1
4.507239002267574,4.669778684807256,56,91,1,1,1,1,1,1,1,1,1,1,1,2,2,1
4.402749206349206,4.64655873015873,41,50,1,1,1,1,1,1,1,1,1,1,1,1,1,1,1,1,1,1,1,1,1
4.182159637188208,4.507239002267574,56,80,1,1,1,1,1,1,1,1,1,1,1,1,1,1,1,1,1,1,1,1,1,1,1,1,1,1,1,1
4.158939682539683,4.6001188208616774,60,70,1,1,1,1,1,1,1,1,1,1,1,1,1,1,1,1,1,1,1,1,1,1,1,1,1,1,1,1,1,1,1,1,1,1,1,1,1,1
4.124109750566893,4.275039455782313,68,52,1,1,1,1,1,1,1,1,1,1,1,1,1
4.1124997732426305,4.402749206349206,41,63,1,1,1,1,1,1,1,1,1,1,1,1,1,1,1,1,1,1,1,1,1,1,1,1,1
3.8790163265306123,4.158939682539683,59,74,1,1,1,1,1,1,1,1,1,1,1,1,1,1,1,1,1,1,1,1,1,1,1,1,1
3.7513065759637185,4.158939682539683,55,78,1,1,1,1,1,1,1,1,1,1,1,1,1,1,2,2,2,2,2,2,1,1,1,2,2,2,2,1,1,1,1,1,1,2,2,2
3.542326984126984,3.7048666666666668,62,44,1,1,1,1,1,1,1,1,1,1,1,1,1,1
3.542326984126984,4.100889795918367,50,60,1,1,1,1,1,1,1,1,1,1,1,1,1,1,1,1,1,1,1,1,1,1,1,1,1,1,1,1,1,1,1,1,1,1,1,1,1,1,1,1,1,1,1,1,1,1,1,1,1
3.3449573696145123,3.542326984126984,62,36,-8,1,1,1,1,1,1,1,1,1,1,1,1,1,1,1,1
3.3449573696145123,4.008009977324263,43,54,1,1,1,1,1,1,1,1,1,1,1,1,1,1,1,1,1,1,1,1,1,1,1,1,1,1,1,1,1,1,1,1,1,1,1,1,1,1,1,1,1,1,1,1,1,1,1,1,2,1,1,1,1,1,1,1,1,1
3.0663179138321994,3.228857596371882,62,55,1,1,1,1,1,1,1,1,1,1,1,1,1,1
3.019878004535147,3.8790163265306123,59,78,1,1,1,1,1,1,1,1,1,1,1,1,1,1,1,1,1,1,1,1,1,1,1,1,1,1,1,1,1,1,1,1,1,1,1,1,1,1,1,1,1,1,1,1,1,1,1,1,1,1,1,1,1,1,1,1,1,1,1,1,1,1,1,1,1,1,1,1,1,1,1,1,1,1
2.880558276643991,3.8557963718820862,31,56,1,1,1,1,1,1,1,1,1,1,1,1,1,1,1,1,1,1,1,1,1,1,1,1,1,1,1,1,1,1,1,1,1,1,1,1,1,1,1,1,1,1,1,1,1,1,1,1,1,1,1,1,1,1,1,1,1,1,1,1,1,1,1,1,1,1,1,1,1,1,1,1,1,1,1,1,1,1,1,1,1,1,1,1
2.7180185941043082,3.0663179138321994,62,56,1,1,1,1,1,1,1,1,1,1,1,1,1,1,1,1,1,1,1,1,1,1,-5,-5,-5,-5,-5,-5,1,1
2.578698866213152,2.7180185941043082,62,66,1,1,1,1,1,1,1,1,1,1,1,1
2.5670888888888888,3.019878004535147,60,66,1,1,1,1,1,1,1,1,1,1,1,1,1,1,1,1,1,1,1,1,1,1,1,1,1,1,1,1,1,1,1,1,1,1,1,1,1,1,1
2.5670888888888888,2.91538820861678,54,66,1,1,1,1,1,1,1,1,1,1,1,1,1,1,1,1,1,1,1,1,1,1,1,1,1,1,1,1,1,1
2.5438689342403626,2.91538820861678,38,63,1,1,1,1,1,1,1,1,1,1,1,1,1,1,1,1,1,1,1,1,1,1,1,1,1,1,1,1,1,1,1,1
2.5322589569161,2.938608163265306,50,50,1,1,1,1,1,1,1,1,1,1,1,1,1,1,1,1,1,1,1,1,1,1,1,1,1,1,1,1,1,1,1,1,1,1,1
2.4277691609977325,2.5670888888888888,54,59,1,1,1,1,1,1,1,1,1,1,1,1
2.4161591836734693,2.578698866213152,62,54,-5,-5,-5,-5,-5,1,1,1,1,1,1,1,1,1
2.4161591836734693,2.5670888888888888,60,66,1,1,1,1,1,1,1,1,1,1,1,1,1
2.334889342403628,2.5322589569161,51,43,1,1,1,1,1,1,1,1,1,1,1,1,-1,-1,1,1,1
2.2071795918367347,2.369719274376417,55,51,1,1,1,1,1,1,1,1,1,1,1,1,1,1
2.1955696145124715,2.4161591836734693,60,76,1,1,1,1,1,1,1,1,1,1,1,1,1,1,1,1,1,1,1
2.067859863945578,2.2420095238095237,72,31,1,1,1,1,-5,-5,1,1,1,1,1,1,1,1,1
1.9620861678004535,2.4161591836734693,63,59,1,1,1,1,1,1,1,1,1,1,1,1,1,1,1,1,1,1,1,1,1,1,1,1,1,1,1,1,1,1,1,1,1,1,1,1,1,1,1,1
1.9388662131519274,2.334889342403628,33,53,1,1,1,1,1,1,1,1,1,1,1,1,1,1,1,1,1,1,1,1,1,1,1,1,1,1,1,1,1,1,1,1,1,1,1
1.8692063492063493,2.1955696145124715,60,76,1,1,1,1,1,1,1,1,1,1,1,1,1,1,1,1,1,1,1,1,1,1,1,1,1,1,1,1,1
1.7298866213151927,1.8692063492063493,60,72,1,1,1,1,1,1,1,1,1,1,1,1
1.7182766439909296,2.334889342403628,51,74,1,1,1,1,1,1,1,1,1,1,1,1,1,1,1,1,1,1,1,1,1,1,1,1,1,1,1,1,1,1,1,1,1,1,1,1,1,1,1,1,1,1,1,1,1,1,1,1,1,1,1,1,1,1
1.6486167800453515,1.8575963718820863,36,42,2,2,2,2,2,2,2,2,2,2,2,2,2,2,2,1,1,1
1.5905668934240362,1.7298866213151927,60,82,1,1,1,1,1,1,1,1,1,1,1,1
1.5209070294784581,1.7182766439909296,51,83,1,1,1,1,1,1,1,1,1,1,1,1,1,1,1,1,1
1.4280272108843537,1.5905668934240362,60,71,1,1,1,1,1,1,1,1,1,1,1,1,1,1
1.3003174603174603,1.7647165532879818,43,59,1,1,1,1,1,1,1,1,1,1,1,1,1,1,1,1,1,1,2,2,1,1,1,1,1,1,1,1,1,1,1,1,1,1,1,1,1,1,1,1
1.2654875283446712,1.4280272108843537,60,62,1,1,1,1,1,1,1,1,1,1,1,1,1,1
1.1609977324263039,1.6021768707482993,36,57,1,1,1,1,1,1,1,1,1,1,1,1,1,1,1,1,1,1,1,1,1,1,1,1,1,1,1,1,1,1,1,1,1,1,1,1,1,1
1.0100680272108844,1.18421768707483,72,47,1,1,1,1,1,1,1,1,1,1,1,1,1,1,1
1.0100680272108844,1.5325170068027212,48,46,1,1,1,1,1,1,1,1,1,1,1,1,1,1,1,1,1,1,1,1,1,1,1,1,1,1,1,1,1,1,1,1,1,1,1,1,1,1,1,1,1,1,1,1,1
0.905578231292517,1.1261678004535147,59,60,1,1,1,1,1,1,1,1,1,1,1,1,1,1,1,1,1,1,1
0.8243083900226758,1.1029478458049886,67,65,1,1,1,1,1,1,1,1,1,1,1,1,1,1,1,1,1,1,1,1,1,1,1,1
0.8243083900226758,1.1377777777777778,62,60,1,1,1,1,1,1,1,1,1,1,1,1,1,1,1,1,1,1,1,1,1,1,1,1,1,1,1
0.603718820861678,0.905578231292517,59,75,1,1,1,1,1,1,1,1,1,1,1,1,1,1,1,1,1,1,1,1,1,1,1,1,1,1
0.5804988662131519,0.8243083900226758,62,73,1,1,1,1,1,1,1,1,1,1,1,1,1,1,1,1,1,1,1,1,1
0.46439909297052157,1.0913378684807256,43,75,1,1,1,1,1,1,1,1,1,1,1,1,1,1,1,1,1,1,1,1,1,1,1,1,1,1,1,1,1,1,1,1,1,1,1,1,1,1,1,1,1,1,1,1,1,1,1,1,1,1,1,1,1,1
0.4179591836734694,0.5804988662131519,62,75,1,1,1,1,1,1,1,1,1,1,1,1,1,1
0.22058956916099773,0.4179591836734694,62,69,1,1,1,1,1,1,1,1,1,1,1,1,1,1,1,1,1
0.09287981859410431,0.46439909297052157,43,76,1,1,1,1,1,1,1,1,1,1,1,1,1,1,1,1,1,1,1,1,1,1,1,1,1,1,1,1,1,1,1,1
0.011609977324263039,0.17414965986394557,63,54,1,1,1,1,1,1,1,1,1,1,1,1,1,1
0.011609977324263039,0.2089795918367347,48,52,2,1,1,1,1,1,1,1,1,1,1,1,1,1,1,1,1
15.40381723356009,15.543136961451246,43,71,1,1,1,1,1,1,1,1,1,1,1,1
18.413369160997732,19.504707029478457,37,66,1,2,2,2,2,1,1,2,2,2,2,1,1,1,1,1,1,2,2,2,1,1,1,1,1,1,1,2,1,1,1,1,1,1,1,1,1,1,1,1,1,1,1,1,1,1,1,1,1,1,1,1,1,1,1,1,1,1,1,1,1,1,1,1,1,1,1,1,1,1,1,1,1,1,1,1,1,1,1,1,1,1,1,1,1,1,1,1,1,1,1,1,1,1
0.22058956916099773,0.592108843537415,59,55,1,1,1,1,1,1,1,1,1,1,1,1,1,1,1,1,1,1,1,1,1,1,1,1,1,1,1,1,1,1,1,1
17.01888798185941,17.227867573696145,71,43,1,1,1,1,1,1,1,1,1,1,1,1,1,1,1,1,1,1
9.153797732426304,10.06065986394558,39,57,1,1,1,1,1,1,1,1,1,1,1,1,1,1,1,1,1,1,1,1,1,1,1,1,1,1,1,1,1,1,1,1,1,1,1,1,1,1,1,1,1,1,1,1,1,1,1,1,1,1,1,1,1,1,1,1,1,1,1,1,1,1,1,1,1,1,1,1,1,1,1,1,1,1,1,2,1,1,1
14.10349977324263,14.277649433106575,62,49,1,1,1,1,1,1,1,1,1,2,2,1,1,1,1
6.807298412698413,7.515507029478458,38,55,1,1,1,1,1,1,1,1,1,1,1,1,1,1,1,1,1,1,1,1,1,1,1,1,1,1,1,1,1,1,1,1,1,1,1,1,1,1,1,1,1,1,1,1,1,1,1,1,1,1,1,1,1,1,1,1,1,1,1,1,1
28.59012879818594,29.05452789115646,68,50,1,1,1,1,1,1,1,1,1,1,1,1,1,1,1,1,1,1,1,1,1,1,1,1,1,1,1,1,1,1,1,1,1,1,1,1,1,1,1,1
25.824386394557823,26.382949206349206,41,58,1,1,1,1,1,1,1,1,1,1,1,1,1,1,1,1,1,1,1,1,1,1,1,1,1,1,1,1,1,1,1,1,1,1,1,1,1,1,1,1,1,1,1,1,1,1,1,1,1
1.6834467120181407,2.3813292517006803,48,57,1,1,1,1,1,1,1,1,1,1,1,1,1,1,1,1,1,1,1,1,1,1,1,1,1,1,1,1,1,1,1,1,1,1,1,1,1,1,1,1,1,1,1,1,1,1,1,1,1,1,1,1,1,1,1,1,1,1,1,1,1
0.29024943310657597,0.5108390022675737,53,57,1,1,1,1,1,1,1,1,1,1,1,1,1,1,1,1,1,1,1
19.017087981859408,19.295727437641723,56,55,1,1,1,1,1,1,1,1,1,1,1,1,1,1,1,1,1,1,1,1,1,1,1,1
27.485897052154193,27.799366439909296,39,54,1,1,1,1,1,1,1,1,1,1,1,1,1,1,1,1,2,2,2,2,2,2,1,1,1,1,1
19.469877097505666,19.655636734693875,62,55,1,1,1,1,1,1,1,1,1,1,1,1,1,1,1,1
9.618196825396826,9.803956462585033,46,43,1,1,1,1,1,1,1,1,1,1,1,1,1,1,1,1
20.922408163265306,21.142997732426306,39,39,1,1,1,1,1,1,1,1,1,1,1,1,1,1,1,1,1,1,1
0.4295691609977324,0.8010884353741496,50,45,1,1,1,1,1,1,1,1,1,1,1,1,1,1,1,1,1,1,1,1,1,1,1,1,1,1,1,1,1,1,1,1
26.940228117913833,27.54394693877551,46,44,1,1,1,1,1,1,1,1,1,1,1,1,1,1,1,1,1,1,1,1,1,1,1,1,1,1,1,1,1,1,1,1,1,1,1,1,1,1,1,1,1,1,1,1,1,1,1,1,1,1,1,1
17.85480634920635,18.37853922902494,59,43,1,1,1,1,1,1,1,1,1,1,1,1,1,1,1,1,1,1,1,1,1,1,1,1,1,1,1,1,1,1,1,1,1,1,1,1,1,0,1,1,1,1,1,1,1,1
4.994858049886621,5.215447619047619,41,48,1,1,1,1,1,1,1,1,1,1,1,1,1,1,1,1,1,1,1
15.125177777777777,15.310937414965986,65,45,1,1,1,1,1,1,1,1,1,1,1,1,1,1,1,1
23.373397278911565,23.51271700680272,46,49,1,1,1,1,1,1,1,1,1,1,1,1
18.959038095238093,19.191237641723355,49,49,1,1,1,1,1,1,1,1,1,1,1,1,1,1,1,1,1,1,1,1
29.484097052154194,29.785956462585034,63,45,1,1,1,1,1,1,1,1,1,1,1,1,1,1,1,1,1,1,1,1,1,1,1,1,1,1
6.342899319727891,6.482219047619048,68,50,1,1,1,1,1,1,1,1,1,1,1,1
5.470867120181405,5.982990022675737,41,41,1,1,1,1,1,1,1,1,1,1,1,1,1,1,1,1,1,1,1,1,1,1,1,1,1,1,1,1,1,1,1,1,1,1,1,1,1,1,1,1,1,1,1,1,1
3.3913972789115645,3.530717006802721,50,48,1,1,1,1,1,1,1,1,1,1,1,1
19.690466666666666,19.889120181405897,38,43,1,1,1,1,1,1,1,1,1,1,1,1,1,1,1,1,1,1
0.7082086167800453,0.9984580498866213,53,46,1,1,1,1,1,1,1,1,1,1,1,1,1,1,1,1,1,1,1,1,1,1,1,1,1
11.651226757369615,11.848596371882087,32,47,1,1,1,1,1,1,1,1,1,1,1,1,1,1,1,1,1
12.534868934240363,12.801898412698414,56,46,1,1,1,1,1,1,1,1,1,1,1,1,1,1,1,1,1,1,1,1,1,1,1
14.974248072562357,15.229667573696144,53,44,1,1,1,1,1,1,1,1,1,1,1,1,1,1,1,1,1,1,1,1,1,1
22.630358730158733,22.804508390022676,63,44,1,1,1,1,1,1,1,1,1,1,1,1,1,1,1
23.117977777777778,23.373397278911565,58,44,1,1,1,1,1,1,1,1,1,1,1,1,1,1,1,1,1,1,1,1,1,1
8.050849886621315,8.236609523809523,38,39,1,1,1,1,1,1,1,1,1,1,1,1,1,1,1,1
9.82717641723356,10.002609977324264,70,40,1,1,1,1,1,1,1,1,1,1,1,1,1,1,1,1
14.533068934240363,14.707218594104308,48,39,1,1,1,1,1,1,1,1,1,1,1,1,1,1,1
22.734848526077098,22.897388208616782,58,40,1,1,1,1,1,1,1,1,1,1,1,1,1,1
